Timestamp,User Count,Type,Name,Requests/s,Failures/s,50%,66%,75%,80%,90%,95%,98%,99%,99.9%,99.99%,100%,Total Request Count,Total Failure Count,Total Median Response Time,Total Average Response Time,Total Min Response Time,Total Max Response Time,Total Average Content Size
1783441316,0,,Aggregated,0.000000,0.000000,N/A,N/A,N/A,N/A,N/A,N/A,N/A,N/A,N/A,N/A,N/A,0,0,0,0.0,0,0,0
1783441317,30,,Aggregated,0.000000,0.000000,530,550,550,550,640,860,860,860,860,860,860,16,0,480,495.8479565624998,238.71416799920553,858.8823600002797,8240.75
1783441318,50,,Aggregated,0.000000,0.000000,550,630,860,1000,1300,1400,1400,1400,1400,1400,1400,58,0,540,650.7910795000561,25.289741000051436,1429.3957049994788,9403.637931034482
1783441319,50,,Aggregated,15.000000,0.000000,460,630,630,860,1300,1400,1400,1400,1400,1400,1400,73,0,460,529.698779369875,15.656354999919131,1429.3957049994788,9437.849315068494
1783441320,50,,Aggregated,26.500000,0.000000,450,540,630,640,1300,1400,1400,1400,1400,1400,1400,89,0,450,493.80015402248625,15.656354999919131,1429.3957049994788,9280.044943820225
1783441321,50,,Aggregated,22.000000,0.000000,440,520,560,630,1000,1300,1400,1400,1400,1400,1400,126,0,440,455.7417661111151,15.656354999919131,1429.3957049994788,9450.246031746032
1783441322,50,,Aggregated,20.500000,0.000000,360,480,540,630,870,1300,1400,1400,1400,1400,1400,148,0,350,399.19177531756094,15.656354999919131,1429.3957049994788,9527.047297297297
1783441323,50,,Aggregated,24.600000,0.000000,210,440,510,550,770,1300,1400,1400,1400,1400,1400,180,0,200,342.7443887777574,15.656354999919131,1429.3957049994788,9498.472222222223
1783441324,50,,Aggregated,23.833333,0.000000,160,390,470,520,650,1000,1400,1400,1400,1400,1400,208,0,160,309.02915896633834,15.656354999919131,1429.3957049994788,9533.971153846154
1783441325,50,,Aggregated,24.428571,0.000000,140,260,450,500,630,1000,1400,1400,1400,1400,1400,238,0,130,279.93070470166697,15.656354999919131,1429.3957049994788,9635.672268907563
1783441326,50,,Aggregated,24.875000,0.000000,120,210,430,470,630,1000,1300,1400,1400,1400,1400,263,0,120,260.2383117718618,15.656354999919131,1429.3957049994788,9681.722433460076
1783441327,50,,Aggregated,25.666667,0.000000,100,180,370,450,630,870,1300,1400,1400,1400,1400,291,0,100,241.9649166426145,15.656354999919131,1429.3957049994788,9603.395189003437
1783441328,50,,Aggregated,25.800000,0.000000,100,170,310,440,560,860,1300,1400,1400,1400,1400,312,0,100,231.99354383974946,13.853254999958153,1429.3957049994788,9578.958333333334
1783441329,50,,Aggregated,26.700000,0.000000,100,160,240,420,550,810,1300,1400,1400,1400,1400,336,0,100,222.22156887203272,13.853254999958153,1429.3957049994788,9593.050595238095
1783441330,50,,Aggregated,25.700000,0.000000,100,160,220,360,540,690,1300,1400,1400,1400,1400,370,0,100,214.25887946757862,12.952314999893133,1429.3957049994788,9577.872972972973
1783441331,50,,Aggregated,26.600000,0.000000,100,150,200,310,540,680,1300,1400,1400,1400,1400,388,0,100,207.00222966495633,12.952314999893133,1429.3957049994788,9553.507731958764
1783441332,50,,Aggregated,27.800000,0.000000,100,150,190,240,520,640,1300,1400,1400,1400,1400,422,0,100,199.51275139574025,12.952314999893133,1429.3957049994788,9583.142180094786
1783441333,50,,Aggregated,26.000000,0.000000,100,140,180,240,510,640,1300,1400,1400,1400,1400,448,0,100,193.84127251786796,12.952314999893133,1429.3957049994788,9596.607142857143
1783441334,50,,Aggregated,27.000000,0.000000,99,140,170,220,500,630,1200,1400,1400,1400,1400,473,0,99,187.76393215434547,12.952314999893133,1429.3957049994788,9558.849894291754
1783441335,50,,Aggregated,26.600000,0.000000,99,140,170,200,480,630,1000,1300,1400,1400,1400,503,0,99,183.00663911134606,12.952314999893133,1429.3957049994788,9610.634194831015
1783441336,50,,Aggregated,26.900000,0.000000,99,140,170,190,460,630,1000,1300,1400,1400,1400,532,0,98,178.42391657332067,12.952314999893133,1429.3957049994788,9628.851503759399
1783441337,50,,Aggregated,26.400000,0.000000,99,140,170,190,460,630,1000,1300,1400,1400,1400,555,0,99,175.16115059100443,12.952314999893133,1429.3957049994788,9608.873873873874
1783441338,50,,Aggregated,26.500000,0.000000,100,140,170,190,450,630,1000,1300,1400,1400,1400,589,0,100,172.81403035145365,12.952314999893133,1429.3957049994788,9623.047538200339
1783441339,50,,Aggregated,26.800000,0.000000,100,140,170,180,440,560,1000,1300,1400,1400,1400,621,0,100,169.46803198712962,12.952314999893133,1429.3957049994788,9615.616747181964
1783441340,50,,Aggregated,27.200000,0.000000,99,140,160,180,430,550,1000,1300,1400,1400,1400,643,0,99,165.15922157233163,10.828919000232418,1429.3957049994788,9612.573872472783
1783441341,50,,Aggregated,28.200000,0.000000,98,130,160,180,420,550,1000,1300,1400,1400,1400,667,0,98,162.14604822490114,10.828919000232418,1429.3957049994788,9609.11544227886
1783441342,50,,Aggregated,27.700000,0.000000,97,130,160,180,410,550,1000,1300,1400,1400,1400,695,0,97,158.62083609498364,10.828919000232418,1429.3957049994788,9582.45035971223
1783441343,50,,Aggregated,27.900000,0.000000,96,130,160,170,380,550,870,1300,1400,1400,1400,715,0,96,155.0374162699526,10.828919000232418,1429.3957049994788,9578.275524475524
1783441344,50,,Aggregated,27.300000,0.000000,97,130,160,180,350,540,870,1300,1400,1400,1400,748,0,97,154.1204593476199,10.828919000232418,1429.3957049994788,9561.783422459894
1783441345,50,,Aggregated,27.100000,0.000000,96,130,160,170,320,540,860,1300,1400,1400,1400,769,0,96,151.38915407154627,10.828919000232418,1429.3957049994788,9567.15344603381
1783441346,50,,Aggregated,27.200000,0.000000,95,130,160,170,300,530,860,1300,1400,1400,1400,795,0,95,148.7251438704632,10.828919000232418,1429.3957049994788,9555.450314465408
1783441347,50,,Aggregated,26.800000,0.000000,96,130,160,170,280,520,810,1300,1400,1400,1400,828,0,96,147.4989205410837,10.828919000232418,1429.3957049994788,9563.37198067633
1783441348,50,,Aggregated,26.400000,0.000000,95,130,160,170,280,520,810,1300,1400,1400,1400,849,0,95,145.880089468807,10.828919000232418,1429.3957049994788,9553.875147232038
1783441349,50,,Aggregated,27.000000,0.000000,95,130,150,170,260,510,770,1300,1400,1400,1400,881,0,95,143.7283442417912,9.849559999565827,1429.3957049994788,9553.593643586833
1783441350,50,,Aggregated,26.200000,0.000000,95,130,150,170,250,510,690,1200,1400,1400,1400,910,0,95,142.66693080331748,9.849559999565827,1429.3957049994788,9577.261538461538
1783441351,50,,Aggregated,25.600000,0.000000,94,120,150,170,240,500,690,1200,1400,1400,1400,934,0,94,140.65495858674467,9.849559999565827,1429.3957049994788,9564.565310492506
1783441352,50,,Aggregated,26.500000,0.000000,96,130,160,170,280,510,690,1200,1400,1400,1400,955,0,96,145.45538273614505,9.849559999565827,1429.3957049994788,9582.687958115182
1783441353,50,,Aggregated,26.400000,0.000000,96,130,160,180,300,510,690,1200,1400,1400,1400,988,0,96,146.26102760022232,9.849559999565827,1429.3957049994788,9572.96052631579
1783441354,50,,Aggregated,25.900000,0.000000,96,130,160,170,290,510,690,1000,1400,1400,1400,1012,0,96,144.61667608994006,9.849559999565827,1429.3957049994788,9574.736166007906
1783441355,50,,Aggregated,27.200000,0.000000,96,130,160,170,280,500,690,1000,1400,1400,1400,1041,0,96,143.15634295102853,9.849559999565827,1429.3957049994788,9574.076849183477
1783441356,50,,Aggregated,26.300000,0.000000,96,130,160,170,260,500,680,1000,1400,1400,1400,1069,0,96,142.29936005708228,9.849559999565827,1429.3957049994788,9581.81478016838
1783441357,50,,Aggregated,26.700000,0.000000,96,130,160,170,260,490,680,1000,1400,1400,1400,1093,0,96,142.06286921502482,9.849559999565827,1429.3957049994788,9566.807868252516
1783441358,50,,Aggregated,27.300000,0.000000,96,130,160,170,260,490,650,1000,1400,1400,1400,1114,0,96,140.857462637364,8.630544999505219,1429.3957049994788,9575.940754039497
1783441359,50,,Aggregated,26.600000,0.000000,96,130,160,170,250,480,650,1000,1400,1400,1400,1148,0,96,140.72404794427155,8.630544999505219,1429.3957049994788,9573.954703832753
1783441360,50,,Aggregated,26.200000,0.000000,96,130,160,170,250,470,640,1000,1400,1400,1400,1174,0,96,139.1756501448227,8.630544999505219,1429.3957049994788,9572.04003407155
1783441361,50,,Aggregated,26.500000,0.000000,95,130,160,170,250,470,640,1000,1400,1400,1400,1198,0,95,137.59601118783036,8.630544999505219,1429.3957049994788,9556.644407345577
1783441362,50,,Aggregated,26.400000,0.000000,95,130,150,170,240,470,640,1000,1400,1400,1400,1223,0,95,136.5521289640414,8.630544999505219,1429.3957049994788,9567.280457890434
1783441363,50,,Aggregated,26.500000,0.000000,95,130,150,170,240,460,640,1000,1400,1400,1400,1245,0,95,135.71480343375353,8.630544999505219,1429.3957049994788,9564.089959839357
1783441364,50,,Aggregated,27.000000,0.000000,95,130,150,170,240,460,630,1000,1400,1400,1400,1274,0,95,134.7510687833786,8.630544999505219,1429.3957049994788,9554.802197802197
1783441365,50,,Aggregated,26.100000,0.000000,94,130,150,170,240,460,630,1000,1400,1400,1400,1292,0,94,133.34676598840935,8.630544999505219,1429.3957049994788,9548.171052631578
1783441366,50,,Aggregated,26.200000,0.000000,95,130,150,170,240,460,630,1000,1400,1400,1400,1326,0,95,133.3091781387813,8.630544999505219,1429.3957049994788,9535.86576168929
1783441367,50,,Aggregated,25.900000,0.000000,94,120,150,170,240,450,630,1000,1400,1400,1400,1347,0,94,132.01903890276446,8.630544999505219,1429.3957049994788,9527.755753526355
1783441368,50,,Aggregated,25.500000,0.000000,94,120,150,170,230,450,630,1000,1400,1400,1400,1377,0,94,131.280349136545,8.630544999505219,1429.3957049994788,9529.281771968046
1783441369,50,,Aggregated,25.400000,0.000000,94,120,150,170,230,450,630,1000,1400,1400,1400,1398,0,94,130.37921210588095,8.630544999505219,1429.3957049994788,9523.201716738198
1783441370,50,,Aggregated,26.000000,0.000000,95,130,150,170,230,440,630,870,1400,1400,1400,1430,0,95,130.2537092077091,8.630544999505219,1429.3957049994788,9527.245454545455
1783441371,50,,Aggregated,25.600000,0.000000,94,120,150,170,220,440,630,870,1400,1400,1400,1447,0,94,129.23347959435085,8.630544999505219,1429.3957049994788,9521.638562543192
1783441372,50,,Aggregated,25.100000,0.000000,94,130,150,170,220,440,630,870,1400,1400,1400,1477,0,94,129.10496331281354,8.630544999505219,1429.3957049994788,9523.332430602573
1783441373,50,,Aggregated,24.800000,0.000000,95,130,150,170,220,430,630,860,1400,1400,1400,1503,0,95,128.72682304326236,8.630544999505219,1429.3957049994788,9531.966067864272
1783441374,50,,Aggregated,25.000000,0.000000,94,130,150,160,220,430,630,860,1400,1400,1400,1524,0,94,128.04935007613264,8.630544999505219,1429.3957049994788,9521.593175853019
1783441375,50,,Aggregated,25.100000,0.000000,94,130,150,160,220,420,630,860,1400,1400,1400,1551,0,94,127.71401916507224,8.630544999505219,1429.3957049994788,9517.72920696325
1783441376,50,,Aggregated,24.600000,0.000000,94,130,150,160,220,420,630,860,1400,1400,1400,1571,0,94,127.21390120243477,8.630544999505219,1429.3957049994788,9515.376830044557
1783441377,50,,Aggregated,25.600000,0.000000,94,130,150,160,220,410,600,820,1400,1400,1400,1602,0,94,126.62872790887917,8.630544999505219,1429.3957049994788,9514.112983770287
1783441378,50,,Aggregated,24.800000,0.000000,94,130,150,160,220,390,600,820,1400,1400,1400,1628,0,93,125.82915666156352,8.630544999505219,1429.3957049994788,9506.19226044226
1783441379,50,,Aggregated,25.100000,0.000000,94,130,150,160,210,390,590,820,1400,1400,1400,1654,0,94,125.44413958768043,8.630544999505219,1429.3957049994788,9505.3276904474
1783441380,50,,Aggregated,25.300000,0.000000,93,120,150,160,210,380,590,820,1400,1400,1400,1683,0,93,124.66667853002059,8.630544999505219,1429.3957049994788,9502.147950089127
1783441381,50,,Aggregated,25.100000,0.000000,92,120,150,160,210,380,580,810,1400,1400,1400,1709,0,92,123.66758521475997,8.630544999505219,1429.3957049994788,9503.121123464014
1783441382,50,,Aggregated,25.500000,0.000000,91,120,150,160,200,370,580,810,1400,1400,1400,1732,0,91,122.67299297634247,8.630544999505219,1429.3957049994788,9503.849307159353
1783441383,50,,Aggregated,26.300000,0.000000,90,120,150,160,200,370,560,810,1400,1400,1400,1757,0,90,121.8141798730943,8.630544999505219,1429.3957049994788,9498.139442231075
1783441384,50,,Aggregated,25.800000,0.000000,89,120,140,160,200,360,560,810,1400,1400,1400,1780,0,89,120.59829229551978,8.630544999505219,1429.3957049994788,9504.369662921348
1783441385,50,,Aggregated,25.900000,0.000000,89,120,150,160,200,350,550,770,1400,1400,1400,1811,0,89,120.79620024076287,8.630544999505219,1429.3957049994788,9510.156819436776
1783441386,50,,Aggregated,26.100000,0.000000,90,120,150,160,200,340,550,770,1400,1400,1400,1845,0,90,121.08136906721936,8.630544999505219,1429.3957049994788,9519.064498644986
1783441387,50,,Aggregated,25.200000,0.000000,90,120,150,160,200,330,550,770,1400,1400,1400,1868,0,90,120.50159309101616,8.630544999505219,1429.3957049994788,9519.788543897217
1783441388,50,,Aggregated,27.300000,0.000000,90,120,150,160,200,330,550,770,1400,1400,1400,1891,0,90,120.24681905817958,8.630544999505219,1429.3957049994788,9518.599682707561
1783441389,50,,Aggregated,27.300000,0.000000,90,120,150,160,200,330,550,770,1400,1400,1400,1896,0,90,120.61829201741382,8.630544999505219,1429.3957049994788,9515.343354430379
1783441390,50,,Aggregated,26.300000,0.000000,90,120,150,160,210,370,630,1000,1600,1600,1600,1904,0,90,126.24529398845435,8.630544999505219,1588.423244000296,9511.71113445378
1783441391,50,,Aggregated,25.400000,0.000000,93,130,150,170,240,490,1200,1400,2500,2600,2600,1946,0,93,152.10250005499316,8.630544999505219,2590.1496179994865,9516.715313463515
1783441392,50,,Aggregated,22.800000,0.000000,93,130,150,170,240,500,1200,1400,2500,2600,2600,1963,0,93,152.63741242537833,8.630544999505219,2590.1496179994865,9516.522159959246
1783441393,50,,Aggregated,22.100000,0.000000,92,130,150,170,240,500,1200,1400,2500,2600,2600,1984,0,92,151.53417261391894,8.630544999505219,2590.1496179994865,9509.863911290322
1783441394,50,,Aggregated,23.500000,0.000000,92,130,150,170,230,490,1200,1400,2500,2600,2600,2014,0,92,150.80127629990744,8.630544999505219,2590.1496179994865,9504.835153922542
1783441395,50,,Aggregated,22.700000,0.000000,91,130,150,170,230,490,1200,1400,2500,2600,2600,2041,0,91,149.63188729691822,8.630544999505219,2590.1496179994865,9500.83439490446
1783441396,50,,Aggregated,23.300000,0.000000,91,120,150,160,230,480,1200,1400,2500,2600,2600,2069,0,91,148.57174626873334,8.630544999505219,2590.1496179994865,9501.176413726438
1783441397,50,,Aggregated,23.300000,0.000000,90,120,150,160,230,470,1200,1400,2500,2600,2600,2097,0,90,147.30160558941697,8.630544999505219,2590.1496179994865,9503.525035765379
1783441398,50,,Aggregated,21.700000,0.000000,89,120,150,160,230,470,1200,1400,2500,2600,2600,2120,0,89,146.1631495665125,8.630544999505219,2590.1496179994865,9499.520754716981
1783441399,50,,Aggregated,22.800000,0.000000,89,120,150,160,220,470,1100,1400,2500,2600,2600,2151,0,89,145.21696818224487,8.630544999505219,2590.1496179994865,9503.324035332404
1783441400,50,,Aggregated,23.100000,0.000000,88,120,150,160,220,460,1100,1400,2500,2600,2600,2172,0,88,144.25178496409256,8.630544999505219,2590.1496179994865,9504.233885819522
1783441401,50,,Aggregated,24.300000,0.000000,88,120,150,160,220,460,1100,1400,2500,2600,2600,2201,0,88,143.28130388823683,8.630544999505219,2590.1496179994865,9510.004543389368
1783441402,50,,Aggregated,24.300000,0.000000,88,120,150,160,220,460,1100,1400,2500,2600,2600,2216,0,88,143.21626151579906,8.630544999505219,2590.1496179994865,9512.237364620938
1783441403,50,,Aggregated,26.500000,0.000000,89,120,150,160,230,490,1100,1400,2500,2600,2600,2240,0,89,146.76221505982704,8.630544999505219,2590.1496179994865,9515.581696428571
1783441404,50,,Aggregated,25.800000,0.000000,90,120,150,170,240,520,1000,1400,2500,2600,2600,2272,0,90,149.7555968877684,8.630544999505219,2590.1496179994865,9507.15801056338
1783441405,50,,Aggregated,25.800000,0.000000,90,120,150,160,240,520,1000,1400,2500,2600,2600,2277,0,90,149.51764627448824,8.630544999505219,2590.1496179994865,9502.341677646025
1783441406,50,,Aggregated,25.900000,0.000000,91,130,150,170,260,550,1000,1400,2500,2600,2600,2314,0,91,153.99507576059062,8.630544999505219,2590.1496179994865,9501.417026793431
1783441407,50,,Aggregated,24.700000,0.000000,91,130,150,170,260,550,1000,1400,2500,2600,2600,2337,0,91,153.26328113949964,8.630544999505219,2590.1496179994865,9503.49293966624
1783441408,50,,Aggregated,24.700000,0.000000,90,130,150,170,260,540,1000,1400,2500,2600,2600,2360,0,90,152.22098290974986,8.630544999505219,2590.1496179994865,9496.916101694915
1783441409,50,,Aggregated,24.400000,0.000000,90,120,150,170,250,540,1000,1400,2500,2600,2600,2389,0,90,151.35487676434,8.630544999505219,2590.1496179994865,9497.040602762661
1783441410,50,,Aggregated,24.100000,0.000000,89,120,150,170,250,530,1000,1400,2500,2600,2600,2410,0,89,150.49664437510685,8.630544999505219,2590.1496179994865,9494.478838174275
1783441411,50,,Aggregated,24.000000,0.000000,91,120,150,170,250,530,1000,1400,2500,2600,2600,2443,0,91,150.23181873843976,8.630544999505219,2590.1496179994865,9506.498158002456
1783441412,50,,Aggregated,23.500000,0.000000,90,120,150,170,250,520,1000,1400,2500,2600,2600,2465,0,90,149.63473963935485,8.630544999505219,2590.1496179994865,9502.5107505071
1783441413,50,,Aggregated,23.800000,0.000000,90,120,150,170,240,520,1000,1400,2500,2600,2600,2494,0,89,148.57031533120016,8.630544999505219,2590.1496179994865,9498.987169206095
1783441414,50,,Aggregated,24.200000,0.000000,89,120,150,160,240,510,1000,1400,2500,2600,2600,2521,0,89,147.4703608909218,8.630544999505219,2590.1496179994865,9494.27251090837
1783441415,50,,Aggregated,23.900000,0.000000,89,120,150,160,240,510,1000,1400,2500,2600,2600,2544,0,89,147.1042695220173,8.630544999505219,2590.1496179994865,9490.346305031446
1783441416,50,,Aggregated,24.200000,0.000000,88,120,150,160,240,510,1000,1400,2500,2600,2600,2570,0,88,146.17343281712576,8.630544999505219,2590.1496179994865,9488.92140077821
1783441417,50,,Aggregated,25.900000,0.000000,88,120,150,160,240,510,1000,1400,2500,2600,2600,2596,0,88,145.75810815755463,8.630544999505219,2590.1496179994865,9486.92218798151
1783441418,50,,Aggregated,25.900000,0.000000,89,120,150,160,240,500,1000,1400,2500,2600,2600,2626,0,89,145.60869115613542,8.630544999505219,2590.1496179994865,9484.300076161462
1783441419,50,,Aggregated,25.300000,0.000000,89,120,150,160,240,500,1000,1400,2500,2600,2600,2651,0,89,145.005092136557,8.630544999505219,2590.1496179994865,9488.915126367408
1783441420,50,,Aggregated,25.800000,0.000000,89,120,150,160,240,500,1000,1400,2500,2600,2600,2675,0,89,144.5177401327148,8.630544999505219,2590.1496179994865,9491.613831775701
1783441421,50,,Aggregated,25.600000,0.000000,89,120,150,160,240,490,1000,1400,2500,2600,2600,2700,0,89,144.2442343892637,8.630544999505219,2590.1496179994865,9491.983703703703
1783441422,50,,Aggregated,26.000000,0.000000,88,120,150,160,240,490,990,1400,2500,2600,2600,2727,0,88,143.54478466813816,8.630544999505219,2590.1496179994865,9490.62229556289
1783441423,50,,Aggregated,25.800000,0.000000,88,120,150,160,230,480,990,1400,2500,2600,2600,2748,0,87,142.62905776710755,8.630544999505219,2590.1496179994865,9492.515283842795
1783441424,50,,Aggregated,25.300000,0.000000,87,120,150,160,230,470,990,1400,2500,2600,2600,2773,0,87,141.90395967183977,8.630544999505219,2590.1496179994865,9498.428777497295
1783441425,50,,Aggregated,26.100000,0.000000,87,120,150,160,230,470,970,1400,2500,2600,2600,2802,0,87,141.3456634703828,8.630544999505219,2590.1496179994865,9495.868665239115
1783441426,50,,Aggregated,25.700000,0.000000,87,120,150,160,230,470,970,1400,2500,2600,2600,2831,0,87,140.70061143130175,8.630544999505219,2590.1496179994865,9498.373013069588
1783441427,50,,Aggregated,25.300000,0.000000,87,120,150,160,230,460,970,1400,2500,2600,2600,2854,0,87,140.23567178767252,8.630544999505219,2590.1496179994865,9494.703223545901
1783441428,50,,Aggregated,25.900000,0.000000,86,120,140,160,220,460,970,1400,2500,2600,2600,2873,0,86,139.6547518054358,8.630544999505219,2590.1496179994865,9493.876435781413
1783441429,50,,Aggregated,25.700000,0.000000,86,120,140,160,220,460,970,1400,2500,2600,2600,2900,0,86,138.9179425320747,8.630544999505219,2590.1496179994865,9483.793103448275
1783441430,50,,Aggregated,25.400000,0.000000,85,120,140,160,220,460,930,1300,2500,2600,2600,2924,0,85,138.2632923036997,8.630544999505219,2590.1496179994865,9482.722640218879
1783441431,50,,Aggregated,25.300000,0.000000,85,120,140,160,220,460,910,1300,2500,2600,2600,2952,0,85,137.5962268048837,8.630544999505219,2590.1496179994865,9482.051490514905
1783441432,50,,Aggregated,25.300000,0.000000,84,120,140,160,220,450,910,1300,2500,2600,2600,2978,0,84,136.6652270903341,8.630544999505219,2590.1496179994865,9475.942914707857
1783441433,50,,Aggregated,25.800000,0.000000,84,120,140,160,220,450,910,1300,2400,2600,2600,3003,0,84,135.88264006793867,8.630544999505219,2590.1496179994865,9471.12221112221
1783441434,50,,Aggregated,25.600000,0.000000,84,110,140,160,220,450,910,1300,2400,2600,2600,3030,0,84,135.21652432310927,8.630544999505219,2590.1496179994865,9467.307590759076
1783441435,50,,Aggregated,25.400000,0.000000,83,110,140,160,210,450,900,1300,2400,2600,2600,3058,0,83,134.7285886792094,8.630544999505219,2590.1496179994865,9469.259646827992
1783441436,50,,Aggregated,25.100000,0.000000,84,110,140,160,210,440,900,1300,2400,2600,2600,3081,0,84,134.31933107400917,8.630544999505219,2590.1496179994865,9471.319376825706
1783441437,50,,Aggregated,25.300000,0.000000,84,110,140,160,210,440,900,1300,2400,2600,2600,3111,0,84,133.98471861235078,8.630544999505219,2590.1496179994865,9470.26743812279
1783441438,50,,Aggregated,24.800000,0.000000,84,120,140,160,210,440,900,1300,2400,2600,2600,3139,0,84,133.8068794730888,8.630544999505219,2590.1496179994865,9469.218859509398
1783441439,50,,Aggregated,25.900000,0.000000,84,110,140,160,210,430,890,1300,2400,2600,2600,3163,0,84,133.31603557288116,8.630544999505219,2590.1496179994865,9467.04963642112
1783441440,50,,Aggregated,26.200000,0.000000,83,110,140,150,210,430,890,1300,2400,2600,2600,3191,0,83,132.7072130808599,8.630544999505219,2590.1496179994865,9466.57975556252
1783441441,50,,Aggregated,25.900000,0.000000,84,110,140,150,200,430,880,1300,2400,2600,2600,3217,0,84,132.36932787069466,8.630544999505219,2590.1496179994865,9471.282872241218
1783441442,50,,Aggregated,25.900000,0.000000,83,110,140,150,200,420,880,1300,2400,2600,2600,3243,0,83,131.80737471786188,8.630544999505219,2590.1496179994865,9473.752081406106
1783441443,50,,Aggregated,25.800000,0.000000,83,110,140,150,200,420,880,1300,2400,2600,2600,3270,0,83,131.3965651648393,8.630544999505219,2590.1496179994865,9473.330275229358
1783441444,50,,Aggregated,26.200000,0.000000,83,110,140,150,200,420,880,1300,2400,2600,2600,3291,0,83,130.82184079733423,8.630544999505219,2590.1496179994865,9468.291704649042
1783441445,50,,Aggregated,26.400000,0.000000,82,110,140,150,200,420,870,1300,2400,2600,2600,3316,0,82,130.22110361279482,8.630544999505219,2590.1496179994865,9466.632689987937
1783441446,50,,Aggregated,26.600000,0.000000,82,110,140,150,200,420,870,1300,2400,2600,2600,3342,0,82,129.7528903614683,8.630544999505219,2590.1496179994865,9468.21304608019
1783441447,50,,Aggregated,26.300000,0.000000,82,110,140,150,200,410,860,1300,2400,2600,2600,3373,0,82,129.357789798704,8.630544999505219,2590.1496179994865,9461.788319003854
1783441448,50,,Aggregated,26.200000,0.000000,82,110,140,150,200,400,860,1300,2400,2600,2600,3398,0,82,128.69324423249805,8.630544999505219,2590.1496179994865,9456.192466156563
1783441449,50,,Aggregated,25.900000,0.000000,82,110,140,150,200,390,830,1300,2400,2600,2600,3425,0,82,128.27978585811013,8.630544999505219,2590.1496179994865,9457.696642335766
1783441450,50,,Aggregated,25.600000,0.000000,82,110,140,150,200,390,830,1300,2400,2600,2600,3449,0,82,127.97789748594592,8.630544999505219,2590.1496179994865,9457.143809799942
1783441451,50,,Aggregated,26.300000,0.000000,82,110,140,150,200,380,820,1300,2400,2600,2600,3474,0,82,128.03270731894884,8.630544999505219,2590.1496179994865,9459.043465745539
1783441452,50,,Aggregated,26.500000,0.000000,82,110,140,150,200,410,880,1300,2400,2600,2600,3485,0,82,129.56767997246124,8.630544999505219,2590.1496179994865,9454.548350071736
1783441453,50,,Aggregated,26.200000,0.000000,83,110,140,150,220,470,970,1300,2400,2600,2600,3520,0,83,137.06791553637126,8.630544999505219,2590.1496179994865,9463.873579545454
1783441454,50,,Aggregated,24.500000,0.000000,83,110,140,150,220,460,970,1300,2400,2600,2600,3541,0,83,136.86633310026167,8.630544999505219,2590.1496179994865,9464.313470770969
1783441455,50,,Aggregated,23.700000,0.000000,83,110,140,150,210,460,970,1300,2400,2600,2600,3569,0,83,136.70438016531887,8.630544999505219,2590.1496179994865,9463.01821238442
1783441456,50,,Aggregated,25.500000,0.000000,84,110,140,160,220,460,970,1300,2400,2600,2600,3600,0,84,136.7467804363956,8.630544999505219,2590.1496179994865,9463.833333333334
1783441457,50,,Aggregated,24.600000,0.000000,84,110,140,160,210,460,970,1300,2400,2600,2600,3617,0,84,136.35331941720318,8.630544999505219,2590.1496179994865,9463.783798728227
1783441458,50,,Aggregated,25.800000,0.000000,83,110,140,150,210,450,970,1300,2400,2600,2600,3644,0,83,135.86422404748168,8.630544999505219,2590.1496179994865,9462.544731064763
1783441459,50,,Aggregated,25.500000,0.000000,83,110,140,150,210,450,960,1300,2400,2600,2600,3674,0,83,135.4672949003869,8.630544999505219,2590.1496179994865,9461.264289602614
1783441460,50,,Aggregated,24.300000,0.000000,83,110,140,150,210,450,960,1300,2400,2600,2600,3695,0,83,134.96796525873418,8.630544999505219,2590.1496179994865,9462.05899864682
1783441461,50,,Aggregated,25.000000,0.000000,83,110,140,150,210,450,950,1300,2400,2600,2600,3722,0,83,134.33299018512182,8.630544999505219,2590.1496179994865,9459.637023105857
1783441462,50,,Aggregated,24.400000,0.000000,83,110,140,150,210,450,950,1300,2400,2600,2600,3749,0,83,134.0587294086493,8.516834000147355,2590.1496179994865,9457.539077087224
1783441463,50,,Aggregated,24.500000,0.000000,83,110,140,150,210,450,950,1300,2400,2600,2600,3758,0,83,133.860995333429,8.516834000147355,2590.1496179994865,9456.76024481107
1783441464,50,,Aggregated,26.200000,0.000000,84,110,140,160,220,460,940,1300,2400,2600,2600,3805,0,84,136.50829335611613,8.516834000147355,2590.1496179994865,9455.964257555848
1783441465,50,,Aggregated,26.300000,0.000000,83,110,140,160,220,460,940,1300,2400,2600,2600,3822,0,83,136.0971336104199,8.516834000147355,2590.1496179994865,9456.87912087912
1783441466,50,,Aggregated,24.100000,0.000000,83,110,140,160,220,460,940,1300,2400,2600,2600,3849,0,83,135.89268973214388,8.516834000147355,2590.1496179994865,9460.092491556248
1783441467,50,,Aggregated,25.800000,0.000000,83,110,140,160,220,460,930,1300,2400,2600,2600,3876,0,83,135.48857839061458,8.516834000147355,2590.1496179994865,9455.508771929824
1783441468,50,,Aggregated,24.600000,0.000000,83,110,140,150,210,450,930,1300,2400,2600,2600,3899,0,83,135.05109454142672,8.516834000147355,2590.1496179994865,9453.340087201846
1783441469,50,,Aggregated,25.300000,0.000000,83,110,140,150,210,450,910,1300,2400,2600,2600,3929,0,83,134.54142299924104,8.516834000147355,2590.1496179994865,9454.524815474675
1783441470,50,,Aggregated,25.500000,0.000000,83,110,140,150,210,450,910,1300,2400,2600,2600,3952,0,83,134.05370725810167,8.516834000147355,2590.1496179994865,9454.508097165992
1783441471,50,,Aggregated,25.300000,0.000000,82,110,140,150,210,450,910,1300,2400,2600,2600,3977,0,82,133.7783784086027,8.516834000147355,2590.1496179994865,9453.84963540357
1783441472,50,,Aggregated,25.300000,0.000000,82,110,140,150,210,450,910,1300,2400,2600,2600,3999,0,82,133.21413407202095,8.516834000147355,2590.1496179994865,9451.51487871968
1783441473,50,,Aggregated,25.400000,0.000000,82,110,140,150,210,440,900,1300,2300,2600,2600,4027,0,82,132.991609838344,8.516834000147355,2590.1496179994865,9452.781971691085
1783441474,50,,Aggregated,25.000000,0.000000,82,110,140,150,210,440,900,1300,2300,2600,2600,4053,0,82,132.33696363434808,8.516834000147355,2590.1496179994865,9451.788058228472
1783441475,50,,Aggregated,25.400000,0.000000,82,110,140,150,210,440,900,1300,2300,2600,2600,4079,0,82,131.80882583354014,8.516834000147355,2590.1496179994865,9452.4677617063
1783441476,50,,Aggregated,26.100000,0.000000,82,110,140,150,200,440,890,1300,2300,2600,2600,4104,0,82,131.42826414741972,8.516834000147355,2590.1496179994865,9450.693469785576
1783441477,50,,Aggregated,25.300000,0.000000,82,110,140,150,200,430,890,1300,2300,2600,2600,4129,0,82,131.1107882082857,8.516834000147355,2590.1496179994865,9455.491160087187
1783441478,50,,Aggregated,25.800000,0.000000,82,110,140,150,200,430,880,1300,2300,2600,2600,4157,0,82,130.95045979264216,8.516834000147355,2590.1496179994865,9456.615347606446
1783441479,50,,Aggregated,24.800000,0.000000,81,110,140,150,200,430,880,1300,2300,2600,2600,4178,0,81,130.50382670129625,8.516834000147355,2590.1496179994865,9454.626136907611
1783441480,50,,Aggregated,25.700000,0.000000,81,110,140,150,200,430,880,1300,2300,2600,2600,4205,0,81,130.08455851011047,8.516834000147355,2590.1496179994865,9457.917003567181
1783441481,50,,Aggregated,25.000000,0.000000,81,110,140,150,200,430,880,1300,2300,2600,2600,4223,0,81,129.92397669642781,8.516834000147355,2590.1496179994865,9456.221169784514
1783441482,50,,Aggregated,25.400000,0.000000,82,110,140,150,210,450,900,1300,2300,2600,2600,4247,0,82,132.61764423640614,8.516834000147355,2590.1496179994865,9454.828113962798
1783441483,50,,Aggregated,25.500000,0.000000,82,110,140,150,220,460,900,1300,2300,2600,2600,4273,0,82,133.8484924317846,8.516834000147355,2590.1496179994865,9453.261876901475
1783441484,50,,Aggregated,23.700000,0.000000,82,110,140,150,210,460,900,1300,2300,2600,2600,4300,0,82,133.43279599419026,8.516834000147355,2590.1496179994865,9454.195581395348
1783441485,50,,Aggregated,24.100000,0.000000,82,110,140,150,210,460,890,1200,2300,2600,2600,4325,0,82,133.1035095532997,8.516834000147355,2590.1496179994865,9457.584046242775
1783441486,50,,Aggregated,24.500000,0.000000,82,110,140,150,210,460,890,1200,2300,2600,2600,4347,0,82,132.83861123833017,8.516834000147355,2590.1496179994865,9454.894639981596
1783441487,50,,Aggregated,24.700000,0.000000,82,110,140,150,210,450,880,1200,2300,2600,2600,4380,0,82,132.59444904384057,8.516834000147355,2590.1496179994865,9453.690639269407
1783441488,50,,Aggregated,24.600000,0.000000,82,110,140,150,210,450,880,1200,2300,2600,2600,4396,0,81,132.22467153799442,8.516834000147355,2590.1496179994865,9454.92857142857
1783441489,50,,Aggregated,24.300000,0.000000,82,110,140,150,210,450,880,1200,2300,2600,2600,4430,0,82,132.4517091121948,8.516834000147355,2590.1496179994865,9453.564785553048
1783441490,50,,Aggregated,24.800000,0.000000,81,110,140,150,210,450,880,1200,2300,2600,2600,4451,0,81,132.0107474641699,8.516834000147355,2590.1496179994865,9456.614693327343
1783441491,50,,Aggregated,24.300000,0.000000,81,110,140,150,210,450,880,1200,2300,2600,2600,4476,0,81,131.63304462735024,8.516834000147355,2590.1496179994865,9454.03708668454
1783441492,50,,Aggregated,24.300000,0.000000,81,110,140,150,210,440,870,1200,2300,2600,2600,4507,0,81,131.44032650876878,8.516834000147355,2590.1496179994865,9456.916130463724
1783441493,50,,Aggregated,24.600000,0.000000,81,110,140,150,210,440,870,1200,2300,2600,2600,4532,0,81,130.98573921403775,8.516834000147355,2590.1496179994865,9460.57347749338
1783441494,50,,Aggregated,26.200000,0.000000,81,110,140,150,210,440,870,1200,2300,2600,2600,4562,0,81,130.58078799693544,8.516834000147355,2590.1496179994865,9459.54340201666
1783441495,50,,Aggregated,26.100000,0.000000,80,110,140,150,210,440,870,1200,2300,2600,2600,4586,0,80,130.1221133571787,8.516834000147355,2590.1496179994865,9460.145006541648
1783441496,50,,Aggregated,26.200000,0.000000,81,110,140,150,200,440,870,1200,2300,2600,2600,4612,0,80,129.93814472832236,8.516834000147355,2590.1496179994865,9460.53924544666
1783441497,50,,Aggregated,26.000000,0.000000,80,110,140,150,200,430,870,1200,2300,2600,2600,4641,0,80,129.59618111872922,8.516834000147355,2590.1496179994865,9461.079508726567
1783441498,50,,Aggregated,25.600000,0.000000,81,110,140,150,200,430,860,1200,2300,2600,2600,4668,0,80,129.33008686140133,8.516834000147355,2590.1496179994865,9458.657026563838
1783441499,50,,Aggregated,26.300000,0.000000,80,110,140,150,200,430,860,1200,2300,2600,2600,4690,0,80,129.024953250751,8.516834000147355,2590.1496179994865,9457.702132196162
1783441500,50,,Aggregated,26.400000,0.000000,80,110,140,150,200,430,850,1200,2300,2600,2600,4717,0,80,128.53726944711056,8.412643999690772,2590.1496179994865,9456.154971380114
1783441501,50,,Aggregated,26.900000,0.000000,80,110,140,150,200,420,850,1200,2300,2600,2600,4750,0,80,128.0509539050569,8.412643999690772,2590.1496179994865,9454.464842105263
1783441502,50,,Aggregated,26.700000,0.000000,80,110,140,150,200,420,840,1200,2300,2600,2600,4778,0,80,127.69336793700762,8.412643999690772,2590.1496179994865,9455.154248639597
1783441503,50,,Aggregated,26.600000,0.000000,80,110,140,150,200,420,840,1200,2300,2600,2600,4800,0,79,127.51520344937987,8.412643999690772,2590.1496179994865,9454.874166666666
1783441504,50,,Aggregated,27.000000,0.000000,79,110,140,150,200,420,840,1200,2300,2600,2600,4829,0,79,127.22793244357516,8.412643999690772,2590.1496179994865,9453.802236487885
1783441505,50,,Aggregated,26.700000,0.000000,79,110,140,150,200,420,840,1200,2300,2600,2600,4849,0,79,126.90374471809089,8.412643999690772,2590.1496179994865,9455.566302330377
1783441506,50,,Aggregated,26.700000,0.000000,79,110,130,150,200,420,830,1200,2300,2600,2600,4876,0,79,126.58847365463983,6.633474999944156,2590.1496179994865,9455.659557013945
1783441507,50,,Aggregated,26.400000,0.000000,79,110,140,150,200,410,820,1200,2300,2600,2600,4905,0,79,126.47334119490812,6.633474999944156,2590.1496179994865,9454.484607543323
1783441508,50,,Aggregated,26.700000,0.000000,79,110,130,150,200,400,820,1200,2300,2600,2600,4930,0,79,126.21058603185054,6.633474999944156,2590.1496179994865,9455.685801217038
1783441509,50,,Aggregated,26.800000,0.000000,79,110,130,150,200,400,820,1200,2300,2600,2600,4954,0,79,125.92084947235007,6.633474999944156,2590.1496179994865,9458.271295922486
1783441510,50,,Aggregated,25.900000,0.000000,79,110,130,150,200,400,820,1200,2300,2600,2600,4982,0,79,125.56012840787307,6.633474999944156,2590.1496179994865,9458.513649136892
1783441511,50,,Aggregated,26.100000,0.000000,79,110,130,150,200,400,820,1200,2300,2600,2600,5008,0,79,125.52180223782477,6.633474999944156,2590.1496179994865,9463.01178115016
1783441512,50,,Aggregated,26.200000,0.000000,79,110,130,150,200,390,820,1200,2300,2600,2600,5032,0,79,125.31189929511638,6.633474999944156,2590.1496179994865,9463.045111287758
1783441513,50,,Aggregated,25.800000,0.000000,79,110,130,150,200,390,820,1200,2300,2600,2600,5055,0,79,124.96427795470339,6.633474999944156,2590.1496179994865,9461.448071216617
1783441514,50,,Aggregated,25.800000,0.000000,78,110,130,150,200,380,820,1200,2300,2600,2600,5081,0,78,124.61656620272146,6.633474999944156,2590.1496179994865,9460.840582562487
1783441515,50,,Aggregated,25.900000,0.000000,78,110,130,150,200,380,820,1100,2300,2600,2600,5110,0,78,124.35581488513286,6.633474999944156,2590.1496179994865,9460.879060665362
1783441516,50,,Aggregated,25.100000,0.000000,78,110,130,150,200,380,820,1100,2300,2600,2600,5137,0,78,124.01652086646476,6.633474999944156,2590.1496179994865,9460.861592369087
1783441517,50,,Aggregated,25.500000,0.000000,78,110,130,150,200,380,810,1100,2300,2600,2600,5161,0,78,123.74548077524341,6.633474999944156,2590.1496179994865,9459.780856423175
1783441518,50,,Aggregated,25.400000,0.000000,78,110,130,150,200,380,810,1100,2300,2600,2600,5185,0,78,123.46357723279212,6.633474999944156,2590.1496179994865,9461.169913211186
1783441519,50,,Aggregated,25.500000,0.000000,78,100,130,150,200,380,810,1100,2300,2600,2600,5208,0,78,123.14844830127183,6.633474999944156,2590.1496179994865,9461.925883256528
1783441520,50,,Aggregated,25.700000,0.000000,78,100,130,150,200,380,810,1100,2300,2600,2600,5235,0,78,122.87795087087338,6.633474999944156,2590.1496179994865,9460.236485195797
1783441521,50,,Aggregated,25.600000,0.000000,77,100,130,150,200,380,810,1100,2300,2600,2600,5259,0,77,122.51523242270868,6.633474999944156,2590.1496179994865,9457.574633960829
1783441522,50,,Aggregated,24.900000,0.000000,77,100,130,150,200,380,810,1100,2300,2600,2600,5288,0,77,122.17771346237268,6.633474999944156,2590.1496179994865,9456.088313161876
1783441523,50,,Aggregated,25.400000,0.000000,77,100,130,150,200,380,780,1100,2300,2600,2600,5309,0,77,122.0466654353039,6.633474999944156,2590.1496179994865,9456.878696553023
1783441524,50,,Aggregated,25.200000,0.000000,77,100,130,150,200,370,780,1100,2300,2600,2600,5343,0,77,121.9520501489847,6.633474999944156,2590.1496179994865,9455.604716451431
1783441525,50,,Aggregated,25.700000,0.000000,77,100,130,150,200,370,780,1100,2300,2600,2600,5366,0,77,121.74178747428734,6.633474999944156,2590.1496179994865,9455.155609392472
1783441526,50,,Aggregated,25.400000,0.000000,77,100,130,150,200,370,780,1100,2300,2600,2600,5394,0,77,121.60893589340562,6.633474999944156,2590.1496179994865,9455.65164998146
1783441527,50,,Aggregated,25.700000,0.000000,77,100,130,150,190,360,780,1100,2300,2600,2600,5422,0,77,121.48977983217058,6.633474999944156,2590.1496179994865,9455.977683511619
1783441528,50,,Aggregated,26.300000,0.000000,77,100,130,150,190,360,780,1100,2300,2600,2600,5447,0,77,121.26869381843767,6.633474999944156,2590.1496179994865,9457.912612447219
1783441529,50,,Aggregated,25.700000,0.000000,78,100,130,150,190,350,780,1100,2300,2600,2600,5477,0,78,121.16762448494181,6.633474999944156,2590.1496179994865,9459.588825999635
1783441530,50,,Aggregated,26.200000,0.000000,77,100,130,150,190,350,780,1100,2300,2600,2600,5502,0,77,120.90869276300018,6.633474999944156,2590.1496179994865,9456.857688113414
1783441531,50,,Aggregated,25.900000,0.000000,77,100,130,150,190,350,780,1100,2300,2600,2600,5530,0,77,120.57185666600908,6.633474999944156,2590.1496179994865,9459.49855334539
1783441532,50,,Aggregated,27.300000,0.000000,77,100,130,150,190,350,770,1100,2300,2600,2600,5553,0,77,120.3123526178698,6.633474999944156,2590.1496179994865,9458.337295155772
1783441533,50,,Aggregated,26.700000,0.000000,77,100,130,150,190,350,770,1100,2300,2600,2600,5580,0,77,120.3320457012598,6.633474999944156,2590.1496179994865,9458.23870967742
1783441534,50,,Aggregated,26.900000,0.000000,77,100,130,150,190,340,770,1100,2300,2600,2600,5601,0,77,120.11347001982364,6.633474999944156,2590.1496179994865,9459.611855025889
1783441535,50,,Aggregated,26.100000,0.000000,77,100,130,150,190,340,770,1100,2300,2600,2600,5628,0,77,119.87015965725507,6.633474999944156,2590.1496179994865,9460.226545842217
1783441536,50,,Aggregated,27.100000,0.000000,77,100,130,150,190,340,770,1100,2300,2600,2600,5655,0,77,119.83822452078341,6.633474999944156,2590.1496179994865,9460.19115826702
1783441537,50,,Aggregated,26.200000,0.000000,78,100,130,150,190,340,770,1100,2300,2600,2600,5683,0,78,119.75847175647151,6.633474999944156,2590.1496179994865,9463.123350343129
1783441538,50,,Aggregated,25.800000,0.000000,78,100,130,150,190,330,770,1100,2300,2600,2600,5711,0,78,119.66667521905603,6.633474999944156,2590.1496179994865,9463.407284188408
1783441539,50,,Aggregated,26.100000,0.000000,78,100,130,150,190,330,770,1100,2300,2600,2600,5740,0,78,119.3847632810158,6.633474999944156,2590.1496179994865,9462.640243902439
1783441540,50,,Aggregated,26.500000,0.000000,78,100,130,150,190,330,770,1100,2300,2600,2600,5768,0,78,119.28887793845918,6.633474999944156,2590.1496179994865,9461.41348821082
1783441541,50,,Aggregated,26.600000,0.000000,78,100,130,140,190,330,770,1100,2300,2600,2600,5793,0,78,118.99628349284175,6.633474999944156,2590.1496179994865,9460.316071120318
1783441542,50,,Aggregated,26.200000,0.000000,78,100,130,150,190,330,760,1100,2300,2600,2600,5814,0,78,118.94495032886717,6.633474999944156,2590.1496179994865,9460.175266597867
1783441543,50,,Aggregated,26.700000,0.000000,78,100,130,150,190,330,760,1100,2300,2600,2600,5843,0,78,118.83209821291,6.633474999944156,2590.1496179994865,9457.372411432483
1783441544,50,,Aggregated,25.900000,0.000000,77,100,130,140,190,320,750,1100,2300,2600,2600,5870,0,77,118.52057202572915,6.633474999944156,2590.1496179994865,9457.805962521295
1783441545,50,,Aggregated,26.200000,0.000000,77,100,130,140,190,320,750,1100,2300,2600,2600,5897,0,77,118.35538439495124,6.633474999944156,2590.1496179994865,9458.125148380532
1783441546,50,,Aggregated,25.800000,0.000000,77,100,130,140,190,320,740,1000,2300,2600,2600,5925,0,77,118.20091649029999,6.633474999944156,2590.1496179994865,9457.622109704642
1783441547,50,,Aggregated,26.600000,0.000000,78,100,130,140,190,320,740,1000,2300,2600,2600,5957,0,78,118.0527733649532,6.633474999944156,2590.1496179994865,9459.740473392647
1783441548,50,,Aggregated,26.900000,0.000000,78,100,130,140,190,310,740,1000,2300,2600,2600,5985,0,78,118.10041638847584,6.633474999944156,2590.1496179994865,9465.927485380116
1783441549,50,,Aggregated,27.300000,0.000000,78,100,130,140,190,310,730,1000,2100,2600,2600,6012,0,78,117.86960489937235,6.633474999944156,2590.1496179994865,9465.732867598137
1783441550,50,,Aggregated,26.500000,0.000000,78,100,130,140,190,310,730,1000,2100,2600,2600,6038,0,78,117.67188731765972,6.633474999944156,2590.1496179994865,9466.798608810865
1783441551,50,,Aggregated,27.200000,0.000000,78,100,130,140,190,310,730,1000,2100,2600,2600,6060,0,78,117.62556188911395,6.633474999944156,2590.1496179994865,9464.895874587459
1783441552,50,,Aggregated,26.800000,0.000000,78,100,130,140,190,310,730,1000,2100,2600,2600,6087,0,78,117.43684843798785,6.633474999944156,2590.1496179994865,9465.55955314605
1783441553,50,,Aggregated,26.800000,0.000000,78,100,130,140,190,310,730,1000,2100,2600,2600,6116,0,78,117.4841070927133,6.633474999944156,2590.1496179994865,9468.088293001962
1783441554,50,,Aggregated,26.900000,0.000000,78,100,130,140,190,310,730,1000,2100,2600,2600,6142,0,78,117.31884272012941,6.633474999944156,2590.1496179994865,9467.749104526212
1783441555,50,,Aggregated,27.200000,0.000000,78,100,130,140,190,300,730,1000,2100,2600,2600,6162,0,78,117.22710686303698,6.633474999944156,2590.1496179994865,9469.814345991561
1783441556,50,,Aggregated,27.800000,0.000000,78,100,130,140,190,300,730,1000,2100,2600,2600,6194,0,78,117.04259856619886,6.633474999944156,2590.1496179994865,9467.487084275104
1783441557,50,,Aggregated,27.400000,0.000000,78,100,130,140,190,300,720,1000,2100,2600,2600,6216,0,78,116.84262931596461,6.633474999944156,2590.1496179994865,9467.580115830116
1783441558,50,,Aggregated,26.500000,0.000000,78,100,130,140,190,300,720,1000,2100,2600,2600,6246,0,78,116.7450054782321,6.633474999944156,2590.1496179994865,9466.783701569004
1783441559,50,,Aggregated,26.300000,0.000000,78,100,130,140,190,300,720,1000,2100,2600,2600,6269,0,78,116.60625241506449,6.633474999944156,2590.1496179994865,9465.877651938108
1783441560,50,,Aggregated,26.000000,0.000000,78,100,130,140,190,300,720,1000,2100,2600,2600,6292,0,78,116.36217539399826,6.633474999944156,2590.1496179994865,9463.868086458995
1783441561,50,,Aggregated,26.100000,0.000000,78,100,130,140,190,300,710,1000,2100,2600,2600,6318,0,78,116.21966442846387,6.633474999944156,2590.1496179994865,9464.95140867363
1783441562,50,,Aggregated,25.700000,0.000000,78,100,130,140,190,300,710,1000,2100,2600,2600,6346,0,78,116.03538833391737,6.633474999944156,2590.1496179994865,9464.96722344784
1783441563,50,,Aggregated,25.300000,0.000000,78,100,130,140,190,300,700,1000,2100,2600,2600,6370,0,78,115.90155807865601,6.633474999944156,2590.1496179994865,9465.810204081632
1783441564,50,,Aggregated,26.100000,0.000000,77,100,130,140,190,300,690,1000,2100,2600,2600,6401,0,77,115.6436911210809,6.633474999944156,2590.1496179994865,9464.777222309014
1783441565,50,,Aggregated,25.800000,0.000000,77,100,130,140,190,300,690,1000,2100,2600,2600,6427,0,77,115.45848387179669,6.633474999944156,2590.1496179994865,9465.097245993466
1783441566,50,,Aggregated,24.800000,0.000000,78,100,130,140,190,300,690,1000,2100,2600,2600,6460,0,78,115.44624186966526,6.633474999944156,2590.1496179994865,9466.231114551083
1783441567,50,,Aggregated,25.700000,0.000000,78,100,130,140,190,290,690,1000,2100,2600,2600,6486,0,78,115.27362876149185,6.633474999944156,2590.1496179994865,9467.211532531606
1783441568,50,,Aggregated,26.200000,0.000000,77,100,130,140,190,290,690,1000,2100,2600,2600,6513,0,77,115.07550250760637,6.633474999944156,2590.1496179994865,9467.85521265162
1783441569,50,,Aggregated,26.700000,0.000000,77,100,130,140,190,290,690,1000,2100,2600,2600,6536,0,77,114.93691114030591,6.633474999944156,2590.1496179994865,9469.333384332926
1783441570,50,,Aggregated,27.000000,0.000000,78,100,130,140,190,290,690,1000,2100,2600,2600,6564,0,77,114.84747533562458,6.633474999944156,2590.1496179994865,9472.333333333334
1783441571,50,,Aggregated,26.500000,0.000000,77,100,130,140,190,290,690,1000,2100,2600,2600,6593,0,77,114.67438551509755,6.633474999944156,2590.1496179994865,9474.701653268618
1783441572,50,,Aggregated,26.800000,0.000000,77,100,130,140,190,290,690,1000,2100,2600,2600,6618,0,77,114.46382643367127,6.633474999944156,2590.1496179994865,9474.961468721669
1783441573,50,,Aggregated,27.100000,0.000000,77,100,130,140,190,290,690,1000,2100,2600,2600,6642,0,77,114.24790731632571,6.633474999944156,2590.1496179994865,9474.33830171635
1783441574,50,,Aggregated,27.100000,0.000000,77,100,130,140,190,290,680,1000,2100,2600,2600,6671,0,77,114.09538695758272,6.633474999944156,2590.1496179994865,9473.503822515366
1783441575,50,,Aggregated,27.100000,0.000000,77,100,130,140,190,290,680,1000,2100,2600,2600,6694,0,77,113.8548173958821,6.633474999944156,2590.1496179994865,9472.95533313415
1783441576,50,,Aggregated,27.300000,0.000000,77,100,130,140,190,280,680,1000,2100,2600,2600,6722,0,77,113.80033002946108,6.633474999944156,2590.1496179994865,9475.634930080334
1783441577,50,,Aggregated,26.800000,0.000000,77,100,130,140,190,280,680,1000,2100,2600,2600,6748,0,77,113.76174035759298,6.633474999944156,2590.1496179994865,9477.83580320095
1783441578,50,,Aggregated,26.600000,0.000000,77,100,130,140,190,280,680,1000,2100,2600,2600,6777,0,77,113.69723707511226,6.633474999944156,2590.1496179994865,9480.307805813782
1783441579,50,,Aggregated,26.000000,0.000000,77,100,130,140,190,280,680,1000,2100,2600,2600,6799,0,77,113.4820124840467,6.633474999944156,2590.1496179994865,9481.914840417709
1783441580,50,,Aggregated,25.900000,0.000000,77,100,130,140,190,280,670,1000,2100,2600,2600,6831,0,77,113.37425810189367,6.633474999944156,2590.1496179994865,9484.212853169374
1783441581,50,,Aggregated,26.300000,0.000000,77,100,130,140,190,280,660,1000,2100,2600,2600,6855,0,77,113.18214656295186,6.633474999944156,2590.1496179994865,9483.482713347921
1783441582,50,,Aggregated,26.100000,0.000000,77,100,130,140,190,280,660,1000,2100,2600,2600,6884,0,77,113.12869622269541,6.633474999944156,2590.1496179994865,9484.725595583963
1783441583,50,,Aggregated,26.500000,0.000000,77,100,130,140,190,280,660,1000,2100,2600,2600,6910,0,77,112.88040376845662,6.633474999944156,2590.1496179994865,9484.77525325615
1783441584,50,,Aggregated,26.100000,0.000000,77,100,130,140,190,280,660,1000,2100,2600,2600,6933,0,77,112.65031376475359,6.633474999944156,2590.1496179994865,9484.860377902784
1783441585,50,,Aggregated,26.600000,0.000000,77,100,130,140,190,270,660,1000,2100,2600,2600,6964,0,77,112.49237461976418,6.633474999944156,2590.1496179994865,9484.185094773118
1783441586,50,,Aggregated,26.700000,0.000000,77,100,130,140,190,270,660,1000,2100,2600,2600,6986,0,77,112.26617060206665,6.633474999944156,2590.1496179994865,9485.083166332666
1783441587,50,,Aggregated,26.100000,0.000000,77,100,130,140,190,270,650,990,2100,2600,2600,7014,0,77,112.15587507799232,6.633474999944156,2590.1496179994865,9485.066153407472
1783441588,50,,Aggregated,26.900000,0.000000,77,100,130,140,180,270,650,990,2100,2600,2600,7039,0,77,112.0147930372269,6.633474999944156,2590.1496179994865,9486.758914618555
1783441589,50,,Aggregated,26.400000,0.000000,77,100,130,140,180,270,650,990,2100,2600,2600,7069,0,77,111.88131045806183,6.633474999944156,2590.1496179994865,9484.847078794737
1783441590,50,,Aggregated,26.600000,0.000000,77,100,130,140,180,270,650,990,2100,2600,2600,7086,0,77,111.68508683771364,6.633474999944156,2590.1496179994865,9485.680920124189
1783441591,50,,Aggregated,26.100000,0.000000,77,100,130,140,190,270,650,990,2100,2600,2600,7116,0,77,111.83565642636866,6.633474999944156,2590.1496179994865,9487.326025857223
1783441592,50,,Aggregated,26.900000,0.000000,77,100,130,140,180,270,650,990,2100,2600,2600,7141,0,77,111.71806982818093,6.633474999944156,2590.1496179994865,9486.025206553704
1783441593,50,,Aggregated,25.600000,0.000000,77,100,130,140,180,270,640,990,2100,2600,2600,7158,0,77,111.54848276879613,6.633474999944156,2590.1496179994865,9484.373428331935
1783441594,50,,Aggregated,26.100000,0.000000,77,100,130,140,180,260,640,990,2100,2600,2600,7183,0,77,111.563396473624,6.633474999944156,2590.1496179994865,9484.290686342754
1783441596,50,,Aggregated,25.500000,0.000000,77,100,130,140,180,260,640,990,2100,2600,2600,7213,0,77,111.49615628005546,6.633474999944156,2590.1496179994865,9483.647026202689
1783441597,50,,Aggregated,24.700000,0.000000,77,100,130,140,180,260,640,990,2100,2600,2600,7239,0,77,111.46332053958318,6.633474999944156,2590.1496179994865,9482.229037159828
1783441598,50,,Aggregated,24.800000,0.000000,77,100,130,140,180,260,640,990,2100,2600,2600,7263,0,77,111.27520764023697,6.633474999944156,2590.1496179994865,9482.816329340492
1783441599,50,,Aggregated,24.800000,0.000000,77,100,130,140,180,260,640,990,2100,2600,2600,7286,0,77,111.08508253692592,6.633474999944156,2590.1496179994865,9481.576447982432
1783441600,50,,Aggregated,25.200000,0.000000,77,100,130,140,180,260,640,980,2100,2600,2600,7317,0,77,111.01655643051072,6.633474999944156,2590.1496179994865,9483.49897498975
1783441601,50,,Aggregated,24.700000,0.000000,77,100,130,140,180,260,640,980,2100,2600,2600,7337,0,77,110.82582676625991,6.633474999944156,2590.1496179994865,9484.04538639771
1783441602,50,,Aggregated,24.700000,0.000000,77,100,130,140,180,260,640,980,2100,2600,2600,7362,0,77,110.65960796577673,6.633474999944156,2590.1496179994865,9482.814724259712
1783441603,50,,Aggregated,24.800000,0.000000,76,100,130,140,180,260,640,980,2100,2600,2600,7388,0,76,110.4589816035527,6.633474999944156,2590.1496179994865,9481.61640498105
1783441604,50,,Aggregated,24.900000,0.000000,77,100,130,140,180,260,640,970,2100,2600,2600,7419,0,77,110.3706658804488,6.633474999944156,2590.1496179994865,9481.342229410971
1783441605,50,,Aggregated,24.700000,0.000000,76,100,130,140,180,260,640,970,2100,2600,2600,7447,0,76,110.12329511454995,6.633474999944156,2590.1496179994865,9480.808379213106
1783441606,50,,Aggregated,26.100000,0.000000,76,100,130,140,180,260,630,970,2100,2600,2600,7476,0,76,109.98248709604783,6.633474999944156,2590.1496179994865,9481.671615837346
1783441607,50,,Aggregated,26.100000,0.000000,76,100,130,140,180,260,630,970,2100,2600,2600,7500,0,76,109.82304652294052,6.633474999944156,2590.1496179994865,9483.060533333333
1783441608,50,,Aggregated,26.200000,0.000000,76,100,120,140,180,250,630,970,2100,2600,2600,7531,0,76,109.66253561373658,6.633474999944156,2590.1496179994865,9484.061213650246
1783441609,50,,Aggregated,26.200000,0.000000,76,100,120,140,180,250,630,970,2100,2600,2600,7555,0,76,109.48134518571156,6.633474999944156,2590.1496179994865,9484.021839841165
1783441610,50,,Aggregated,26.800000,0.000000,76,100,120,140,180,250,630,970,2100,2600,2600,7578,0,76,109.33456350871589,6.633474999944156,2590.1496179994865,9482.840063341251
1783441611,50,,Aggregated,26.900000,0.000000,76,100,120,140,180,250,630,970,2100,2600,2600,7607,0,76,109.17474428973956,6.633474999944156,2590.1496179994865,9483.274089654265
1783441612,50,,Aggregated,26.000000,0.000000,76,100,120,140,180,250,630,970,2100,2600,2600,7635,0,76,109.03947348409281,6.633474999944156,2590.1496179994865,9481.753896529142
1783441613,50,,Aggregated,27.000000,0.000000,75,100,120,140,180,250,630,970,2100,2600,2600,7662,0,75,108.80370017776674,6.633474999944156,2590.1496179994865,9481.705298877578
1783441614,50,,Aggregated,27.100000,0.000000,76,100,120,140,180,250,630,970,2100,2600,2600,7690,0,76,108.79110516307499,6.633474999944156,2590.1496179994865,9481.983745123536
1783441615,50,,Aggregated,27.200000,0.000000,76,100,120,140,180,250,630,960,2100,2600,2600,7714,0,76,108.73725886596391,6.633474999944156,2590.1496179994865,9483.654005703915
1783441616,50,,Aggregated,27.200000,0.000000,76,100,120,140,180,250,630,960,2100,2600,2600,7743,0,76,108.57779807323371,6.633474999944156,2590.1496179994865,9485.965646390288
1783441617,50,,Aggregated,26.700000,0.000000,75,100,120,140,180,250,630,960,2100,2600,2600,7766,0,75,108.46297023165717,6.633474999944156,2590.1496179994865,9485.182719546743
